{"_wandb":{"runtime":2027},"normalized_features/std":0.17401431500911713,"train/epoch_total_loss":0.09972476167857404,"test/accuracy":94.93,"epoch":200,"snr/snr":0.2163572758436203,"_timestamp":1.7682106109067004e+09,"normalized_features/mean":-0.12904991209506989,"_step":3400,"_runtime":2027,"test/best_accuracy":94.93,"final/best_accuracy":94.93,"trivial_solution/identity_correlation":0.8870642781257629,"train/epoch_loss_diff":0.09811047554168555,"train/epoch_loss_cls":0.0016142861368884916,"train/lr_diffusion":5e-05,"train/lr_backbone":0}