{"train/epoch_loss_diff":0.11727126129447957,"train/lr_diffusion":5e-05,"test/accuracy":94.9,"normalized_features/std":1.005462646484375,"trivial_solution/identity_correlation":0.716395914554596,"test/best_accuracy":94.9,"epoch":200,"train/epoch_loss_cls":0.001757456372757597,"normalized_features/mean":0.001956853549927473,"_step":3400,"_runtime":2018,"_wandb":{"runtime":2018},"snr/snr":0.9914259910583496,"_timestamp":1.7682240371251934e+09,"final/best_accuracy":94.9,"train/lr_backbone":0,"train/epoch_total_loss":0.11902871766723716}