{"test/best_accuracy":75.06,"train/epoch_loss_cls":0.6047392541642689,"trivial_solution/identity_correlation":0.8485112190246582,"train/lr_diffusion":5e-05,"_step":292,"snr/snr":0.292458713054657,"_timestamp":1.768221901282537e+09,"train/epoch_total_loss":0.8548134472745154,"normalized_features/std":0.30427345633506775,"test/accuracy":75.06,"epoch":17,"_wandb":{"runtime":174},"train/epoch_loss_diff":0.2500741931102465,"normalized_features/mean":0.008827565237879753,"train/lr_backbone":0.09822787092288993,"_runtime":174}