{"_runtime":103,"normalized_features/std":0.2560103237628937,"_wandb":{"runtime":103},"_timestamp":1.7682200880337608e+09,"epoch":10,"test/best_accuracy":70.42,"train/epoch_total_loss":1.0443650574787804,"normalized_features/mean":-0.0019595527555793524,"train/lr_diffusion":5e-05,"trivial_solution/identity_correlation":0.8312394618988037,"_step":171,"train/lr_backbone":0.09938441702975691,"train/epoch_loss_diff":0.3007684925480572,"test/accuracy":70.42,"train/epoch_loss_cls":0.7435965649307231,"snr/snr":0.24568328261375427}